"# Artist, Album 1, Album 2, ..."
Artist_0001,Album_1_0001,Album_2_0001
Artist_0002,Album_1_0002,Album_2_0002
Artist_0003,Album_1_0003,Album_2_0003
Artist_0004,Album_1_0004,Album_2_0004
Artist_0005,Album_1_0005,Album_2_0005
Artist_0006,Album_1_0006,Album_2_0006
Artist_0007,Album_1_0007,Album_2_0007
Artist_0008,Album_1_0008,Album_2_0008
Artist_0009,Album_1_0009,Album_2_0009
Artist_0010,Album_1_0010,Album_2_0010
Artist_0011,Album_1_0011,Album_2_0011
Artist_0012,Album_1_0012,Album_2_0012
Artist_0013,Album_1_0013,Album_2_0013
Artist_0014,Album_1_0014,Album_2_0014
Artist_0015,Album_1_0015,Album_2_0015
Artist_0016,Album_1_0016,Album_2_0016
Artist_0017,Album_1_0017,Album_2_0017
Artist_0018,Album_1_0018,Album_2_0018
Artist_0019,Album_1_0019,Album_2_0019
Artist_0020,Album_1_0020,Album_2_0020
Artist_0021,Album_1_0021,Album_2_0021
Artist_0022,Album_1_0022,Album_2_0022
Artist_0023,Album_1_0023,Album_2_0023
Artist_0024,Album_1_0024,Album_2_0024
Artist_0025,Album_1_0025,Album_2_0025
Artist_0026,Album_1_0026,Album_2_0026
Artist_0027,Album_1_0027,Album_2_0027
Artist_0028,Album_1_0028,Album_2_0028
Artist_0029,Album_1_0029,Album_2_0029
Artist_0030,Album_1_0030,Album_2_0030
Artist_0031,Album_1_0031,Album_2_0031
Artist_0032,Album_1_0032,Album_2_0032
Artist_0033,Album_1_0033,Album_2_0033
Artist_0034,Album_1_0034,Album_2_0034
Artist_0035,Album_1_0035,Album_2_0035
Artist_0036,Album_1_0036,Album_2_0036
Artist_0037,Album_1_0037,Album_2_0037
Artist_0038,Album_1_0038,Album_2_0038
Artist_0039,Album_1_0039,Album_2_0039
Artist_0040,Album_1_0040,Album_2_0040
Artist_0041,Album_1_0041,Album_2_0041
Artist_0042,Album_1_0042,Album_2_0042
Artist_0043,Album_1_0043,Album_2_0043
Artist_0044,Album_1_0044,Album_2_0044
Artist_0045,Album_1_0045,Album_2_0045
Artist_0046,Album_1_0046,Album_2_0046
Artist_0047,Album_1_0047,Album_2_0047
Artist_0048,Album_1_0048,Album_2_0048
Artist_0049,Album_1_0049,Album_2_0049
Artist_0050,Album_1_0050,Album_2_0050
Artist_0051,Album_1_0051,Album_2_0051
Artist_0052,Album_1_0052,Album_2_0052
Artist_0053,Album_1_0053,Album_2_0053
Artist_0054,Album_1_0054,Album_2_0054
Artist_0055,Album_1_0055,Album_2_0055
Artist_0056,Album_1_0056,Album_2_0056
Artist_0057,Album_1_0057,Album_2_0057
Artist_0058,Album_1_0058,Album_2_0058
Artist_0059,Album_1_0059,Album_2_0059
Artist_0060,Album_1_0060,Album_2_0060
Artist_0061,Album_1_0061,Album_2_0061
Artist_0062,Album_1_0062,Album_2_0062
Artist_0063,Album_1_0063,Album_2_0063
Artist_0064,Album_1_0064,Album_2_0064
Artist_0065,Album_1_0065,Album_2_0065
Artist_0066,Album_1_0066,Album_2_0066
Artist_0067,Album_1_0067,Album_2_0067
Artist_0068,Album_1_0068,Album_2_0068
Artist_0069,Album_1_0069,Album_2_0069
Artist_0070,Album_1_0070,Album_2_0070
Artist_0071,Album_1_0071,Album_2_0071
Artist_0072,Album_1_0072,Album_2_0072
Artist_0073,Album_1_0073,Album_2_0073
Artist_0074,Album_1_0074,Album_2_0074
Artist_0075,Album_1_0075,Album_2_0075
Artist_0076,Album_1_0076,Album_2_0076
Artist_0077,Album_1_0077,Album_2_0077
Artist_0078,Album_1_0078,Album_2_0078
Artist_0079,Album_1_0079,Album_2_0079
Artist_0080,Album_1_0080,Album_2_0080
Artist_0081,Album_1_0081,Album_2_0081
Artist_0082,Album_1_0082,Album_2_0082
Artist_0083,Album_1_0083,Album_2_0083
Artist_0084,Album_1_0084,Album_2_0084
Artist_0085,Album_1_0085,Album_2_0085
Artist_0086,Album_1_0086,Album_2_0086
Artist_0087,Album_1_0087,Album_2_0087
Artist_0088,Album_1_0088,Album_2_0088
Artist_0089,Album_1_0089,Album_2_0089
Artist_0090,Album_1_0090,Album_2_0090
Artist_0091,Album_1_0091,Album_2_0091
Artist_0092,Album_1_0092,Album_2_0092
Artist_0093,Album_1_0093,Album_2_0093
Artist_0094,Album_1_0094,Album_2_0094
Artist_0095,Album_1_0095,Album_2_0095
Artist_0096,Album_1_0096,Album_2_0096
Artist_0097,Album_1_0097,Album_2_0097
Artist_0098,Album_1_0098,Album_2_0098
Artist_0099,Album_1_0099,Album_2_0099
Artist_0100,Album_1_0100,Album_2_0100
Artist_0101,Album_1_0101,Album_2_0101
Artist_0102,Album_1_0102,Album_2_0102
Artist_0103,Album_1_0103,Album_2_0103
Artist_0104,Album_1_0104,Album_2_0104
Artist_0105,Album_1_0105,Album_2_0105
Artist_0106,Album_1_0106,Album_2_0106
Artist_0107,Album_1_0107,Album_2_0107
Artist_0108,Album_1_0108,Album_2_0108
Artist_0109,Album_1_0109,Album_2_0109
Artist_0110,Album_1_0110,Album_2_0110
Artist_0111,Album_1_0111,Album_2_0111
Artist_0112,Album_1_0112,Album_2_0112
Artist_0113,Album_1_0113,Album_2_0113
Artist_0114,Album_1_0114,Album_2_0114
Artist_0115,Album_1_0115,Album_2_0115
Artist_0116,Album_1_0116,Album_2_0116
Artist_0117,Album_1_0117,Album_2_0117
Artist_0118,Album_1_0118,Album_2_0118
Artist_0119,Album_1_0119,Album_2_0119
Artist_0120,Album_1_0120,Album_2_0120
Artist_0121,Album_1_0121,Album_2_0121
Artist_0122,Album_1_0122,Album_2_0122
Artist_0123,Album_1_0123,Album_2_0123
Artist_0124,Album_1_0124,Album_2_0124
Artist_0125,Album_1_0125,Album_2_0125
Artist_0126,Album_1_0126,Album_2_0126
Artist_0127,Album_1_0127,Album_2_0127
Artist_0128,Album_1_0128,Album_2_0128
Artist_0129,Album_1_0129,Album_2_0129
Artist_0130,Album_1_0130,Album_2_0130
Artist_0131,Album_1_0131,Album_2_0131
Artist_0132,Album_1_0132,Album_2_0132
Artist_0133,Album_1_0133,Album_2_0133
Artist_0134,Album_1_0134,Album_2_0134
Artist_0135,Album_1_0135,Album_2_0135
Artist_0136,Album_1_0136,Album_2_0136
Artist_0137,Album_1_0137,Album_2_0137
Artist_0138,Album_1_0138,Album_2_0138
Artist_0139,Album_1_0139,Album_2_0139
Artist_0140,Album_1_0140,Album_2_0140
Artist_0141,Album_1_0141,Album_2_0141
Artist_0142,Album_1_0142,Album_2_0142
Artist_0143,Album_1_0143,Album_2_0143
Artist_0144,Album_1_0144,Album_2_0144
Artist_0145,Album_1_0145,Album_2_0145
Artist_0146,Album_1_0146,Album_2_0146
Artist_0147,Album_1_0147,Album_2_0147
Artist_0148,Album_1_0148,Album_2_0148
Artist_0149,Album_1_0149,Album_2_0149
Artist_0150,Album_1_0150,Album_2_0150
Artist_0151,Album_1_0151,Album_2_0151
Artist_0152,Album_1_0152,Album_2_0152
Artist_0153,Album_1_0153,Album_2_0153
Artist_0154,Album_1_0154,Album_2_0154
Artist_0155,Album_1_0155,Album_2_0155
Artist_0156,Album_1_0156,Album_2_0156
Artist_0157,Album_1_0157,Album_2_0157
Artist_0158,Album_1_0158,Album_2_0158
Artist_0159,Album_1_0159,Album_2_0159
Artist_0160,Album_1_0160,Album_2_0160
Artist_0161,Album_1_0161,Album_2_0161
Artist_0162,Album_1_0162,Album_2_0162
Artist_0163,Album_1_0163,Album_2_0163
Artist_0164,Album_1_0164,Album_2_0164
Artist_0165,Album_1_0165,Album_2_0165
Artist_0166,Album_1_0166,Album_2_0166
Artist_0167,Album_1_0167,Album_2_0167
Artist_0168,Album_1_0168,Album_2_0168
Artist_0169,Album_1_0169,Album_2_0169
Artist_0170,Album_1_0170,Album_2_0170
Artist_0171,Album_1_0171,Album_2_0171
Artist_0172,Album_1_0172,Album_2_0172
Artist_0173,Album_1_0173,Album_2_0173
Artist_0174,Album_1_0174,Album_2_0174
Artist_0175,Album_1_0175,Album_2_0175
Artist_0176,Album_1_0176,Album_2_0176
Artist_0177,Album_1_0177,Album_2_0177
Artist_0178,Album_1_0178,Album_2_0178
Artist_0179,Album_1_0179,Album_2_0179
Artist_0180,Album_1_0180,Album_2_0180
Artist_0181,Album_1_0181,Album_2_0181
Artist_0182,Album_1_0182,Album_2_0182
Artist_0183,Album_1_0183,Album_2_0183
Artist_0184,Album_1_0184,Album_2_0184
Artist_0185,Album_1_0185,Album_2_0185
Artist_0186,Album_1_0186,Album_2_0186
Artist_0187,Album_1_0187,Album_2_0187
Artist_0188,Album_1_0188,Album_2_0188
Artist_0189,Album_1_0189,Album_2_0189
Artist_0190,Album_1_0190,Album_2_0190
Artist_0191,Album_1_0191,Album_2_0191
Artist_0192,Album_1_0192,Album_2_0192
Artist_0193,Album_1_0193,Album_2_0193
Artist_0194,Album_1_0194,Album_2_0194
Artist_0195,Album_1_0195,Album_2_0195
Artist_0196,Album_1_0196,Album_2_0196
Artist_0197,Album_1_0197,Album_2_0197
Artist_0198,Album_1_0198,Album_2_0198
Artist_0199,Album_1_0199,Album_2_0199
Artist_0200,Album_1_0200,Album_2_0200
Artist_0201,Album_1_0201,Album_2_0201
Artist_0202,Album_1_0202,Album_2_0202
Artist_0203,Album_1_0203,Album_2_0203
Artist_0204,Album_1_0204,Album_2_0204
Artist_0205,Album_1_0205,Album_2_0205
Artist_0206,Album_1_0206,Album_2_0206
Artist_0207,Album_1_0207,Album_2_0207
Artist_0208,Album_1_0208,Album_2_0208
Artist_0209,Album_1_0209,Album_2_0209
Artist_0210,Album_1_0210,Album_2_0210
Artist_0211,Album_1_0211,Album_2_0211
Artist_0212,Album_1_0212,Album_2_0212
Artist_0213,Album_1_0213,Album_2_0213
Artist_0214,Album_1_0214,Album_2_0214
Artist_0215,Album_1_0215,Album_2_0215
Artist_0216,Album_1_0216,Album_2_0216
Artist_0217,Album_1_0217,Album_2_0217
Artist_0218,Album_1_0218,Album_2_0218
Artist_0219,Album_1_0219,Album_2_0219
Artist_0220,Album_1_0220,Album_2_0220
Artist_0221,Album_1_0221,Album_2_0221
Artist_0222,Album_1_0222,Album_2_0222
Artist_0223,Album_1_0223,Album_2_0223
Artist_0224,Album_1_0224,Album_2_0224
Artist_0225,Album_1_0225,Album_2_0225
Artist_0226,Album_1_0226,Album_2_0226
Artist_0227,Album_1_0227,Album_2_0227
Artist_0228,Album_1_0228,Album_2_0228
Artist_0229,Album_1_0229,Album_2_0229
Artist_0230,Album_1_0230,Album_2_0230
Artist_0231,Album_1_0231,Album_2_0231
Artist_0232,Album_1_0232,Album_2_0232
Artist_0233,Album_1_0233,Album_2_0233
Artist_0234,Album_1_0234,Album_2_0234
Artist_0235,Album_1_0235,Album_2_0235
Artist_0236,Album_1_0236,Album_2_0236
Artist_0237,Album_1_0237,Album_2_0237
Artist_0238,Album_1_0238,Album_2_0238
Artist_0239,Album_1_0239,Album_2_0239
Artist_0240,Album_1_0240,Album_2_0240
Artist_0241,Album_1_0241,Album_2_0241
Artist_0242,Album_1_0242,Album_2_0242
Artist_0243,Album_1_0243,Album_2_0243
Artist_0244,Album_1_0244,Album_2_0244
Artist_0245,Album_1_0245,Album_2_0245
Artist_0246,Album_1_0246,Album_2_0246
Artist_0247,Album_1_0247,Album_2_0247
Artist_0248,Album_1_0248,Album_2_0248
Artist_0249,Album_1_0249,Album_2_0249
Artist_0250,Album_1_0250,Album_2_0250
Artist_0251,Album_1_0251,Album_2_0251
Artist_0252,Album_1_0252,Album_2_0252
Artist_0253,Album_1_0253,Album_2_0253
Artist_0254,Album_1_0254,Album_2_0254
Artist_0255,Album_1_0255,Album_2_0255
Artist_0256,Album_1_0256,Album_2_0256
Artist_0257,Album_1_0257,Album_2_0257
Artist_0258,Album_1_0258,Album_2_0258
Artist_0259,Album_1_0259,Album_2_0259
Artist_0260,Album_1_0260,Album_2_0260
Artist_0261,Album_1_0261,Album_2_0261
Artist_0262,Album_1_0262,Album_2_0262
Artist_0263,Album_1_0263,Album_2_0263
Artist_0264,Album_1_0264,Album_2_0264
Artist_0265,Album_1_0265,Album_2_0265
Artist_0266,Album_1_0266,Album_2_0266
Artist_0267,Album_1_0267,Album_2_0267
Artist_0268,Album_1_0268,Album_2_0268
Artist_0269,Album_1_0269,Album_2_0269
Artist_0270,Album_1_0270,Album_2_0270
Artist_0271,Album_1_0271,Album_2_0271
Artist_0272,Album_1_0272,Album_2_0272
Artist_0273,Album_1_0273,Album_2_0273
Artist_0274,Album_1_0274,Album_2_0274
Artist_0275,Album_1_0275,Album_2_0275
Artist_0276,Album_1_0276,Album_2_0276
Artist_0277,Album_1_0277,Album_2_0277
Artist_0278,Album_1_0278,Album_2_0278
Artist_0279,Album_1_0279,Album_2_0279
Artist_0280,Album_1_0280,Album_2_0280
Artist_0281,Album_1_0281,Album_2_0281
Artist_0282,Album_1_0282,Album_2_0282
Artist_0283,Album_1_0283,Album_2_0283
Artist_0284,Album_1_0284,Album_2_0284
Artist_0285,Album_1_0285,Album_2_0285
Artist_0286,Album_1_0286,Album_2_0286
Artist_0287,Album_1_0287,Album_2_0287
Artist_0288,Album_1_0288,Album_2_0288
Artist_0289,Album_1_0289,Album_2_0289
Artist_0290,Album_1_0290,Album_2_0290
Artist_0291,Album_1_0291,Album_2_0291
Artist_0292,Album_1_0292,Album_2_0292
Artist_0293,Album_1_0293,Album_2_0293
Artist_0294,Album_1_0294,Album_2_0294
Artist_0295,Album_1_0295,Album_2_0295
Artist_0296,Album_1_0296,Album_2_0296
Artist_0297,Album_1_0297,Album_2_0297
Artist_0298,Album_1_0298,Album_2_0298
Artist_0299,Album_1_0299,Album_2_0299
Artist_0300,Album_1_0300,Album_2_0300
Artist_0301,Album_1_0301,Album_2_0301
Artist_0302,Album_1_0302,Album_2_0302
Artist_0303,Album_1_0303,Album_2_0303
Artist_0304,Album_1_0304,Album_2_0304
Artist_0305,Album_1_0305,Album_2_0305
Artist_0306,Album_1_0306,Album_2_0306
Artist_0307,Album_1_0307,Album_2_0307
Artist_0308,Album_1_0308,Album_2_0308
Artist_0309,Album_1_0309,Album_2_0309
Artist_0310,Album_1_0310,Album_2_0310
Artist_0311,Album_1_0311,Album_2_0311
Artist_0312,Album_1_0312,Album_2_0312
Artist_0313,Album_1_0313,Album_2_0313
Artist_0314,Album_1_0314,Album_2_0314
Artist_0315,Album_1_0315,Album_2_0315
Artist_0316,Album_1_0316,Album_2_0316
Artist_0317,Album_1_0317,Album_2_0317
Artist_0318,Album_1_0318,Album_2_0318
Artist_0319,Album_1_0319,Album_2_0319
Artist_0320,Album_1_0320,Album_2_0320
Artist_0321,Album_1_0321,Album_2_0321
Artist_0322,Album_1_0322,Album_2_0322
Artist_0323,Album_1_0323,Album_2_0323
Artist_0324,Album_1_0324,Album_2_0324
Artist_0325,Album_1_0325,Album_2_0325
Artist_0326,Album_1_0326,Album_2_0326
Artist_0327,Album_1_0327,Album_2_0327
Artist_0328,Album_1_0328,Album_2_0328
Artist_0329,Album_1_0329,Album_2_0329
Artist_0330,Album_1_0330,Album_2_0330
Artist_0331,Album_1_0331,Album_2_0331
Artist_0332,Album_1_0332,Album_2_0332
Artist_0333,Album_1_0333,Album_2_0333
Artist_0334,Album_1_0334,Album_2_0334
Artist_0335,Album_1_0335,Album_2_0335
Artist_0336,Album_1_0336,Album_2_0336
Artist_0337,Album_1_0337,Album_2_0337
Artist_0338,Album_1_0338,Album_2_0338
Artist_0339,Album_1_0339,Album_2_0339
Artist_0340,Album_1_0340,Album_2_0340
Artist_0341,Album_1_0341,Album_2_0341
Artist_0342,Album_1_0342,Album_2_0342
Artist_0343,Album_1_0343,Album_2_0343
Artist_0344,Album_1_0344,Album_2_0344
Artist_0345,Album_1_0345,Album_2_0345
Artist_0346,Album_1_0346,Album_2_0346
Artist_0347,Album_1_0347,Album_2_0347
Artist_0348,Album_1_0348,Album_2_0348
Artist_0349,Album_1_0349,Album_2_0349
Artist_0350,Album_1_0350,Album_2_0350
Artist_0351,Album_1_0351,Album_2_0351
Artist_0352,Album_1_0352,Album_2_0352
Artist_0353,Album_1_0353,Album_2_0353
Artist_0354,Album_1_0354,Album_2_0354
Artist_0355,Album_1_0355,Album_2_0355
Artist_0356,Album_1_0356,Album_2_0356
Artist_0357,Album_1_0357,Album_2_0357
Artist_0358,Album_1_0358,Album_2_0358
Artist_0359,Album_1_0359,Album_2_0359
Artist_0360,Album_1_0360,Album_2_0360
Artist_0361,Album_1_0361,Album_2_0361
Artist_0362,Album_1_0362,Album_2_0362
Artist_0363,Album_1_0363,Album_2_0363
Artist_0364,Album_1_0364,Album_2_0364
Artist_0365,Album_1_0365,Album_2_0365
Artist_0366,Album_1_0366,Album_2_0366
Artist_0367,Album_1_0367,Album_2_0367
Artist_0368,Album_1_0368,Album_2_0368
Artist_0369,Album_1_0369,Album_2_0369
Artist_0370,Album_1_0370,Album_2_0370
Artist_0371,Album_1_0371,Album_2_0371
Artist_0372,Album_1_0372,Album_2_0372
Artist_0373,Album_1_0373,Album_2_0373
Artist_0374,Album_1_0374,Album_2_0374
Artist_0375,Album_1_0375,Album_2_0375
Artist_0376,Album_1_0376,Album_2_0376
Artist_0377,Album_1_0377,Album_2_0377
Artist_0378,Album_1_0378,Album_2_0378
Artist_0379,Album_1_0379,Album_2_0379
Artist_0380,Album_1_0380,Album_2_0380
Artist_0381,Album_1_0381,Album_2_0381
Artist_0382,Album_1_0382,Album_2_0382
Artist_0383,Album_1_0383,Album_2_0383
Artist_0384,Album_1_0384,Album_2_0384
Artist_0385,Album_1_0385,Album_2_0385
Artist_0386,Album_1_0386,Album_2_0386
Artist_0387,Album_1_0387,Album_2_0387
Artist_0388,Album_1_0388,Album_2_0388
Artist_0389,Album_1_0389,Album_2_0389
Artist_0390,Album_1_0390,Album_2_0390
Artist_0391,Album_1_0391,Album_2_0391
Artist_0392,Album_1_0392,Album_2_0392
Artist_0393,Album_1_0393,Album_2_0393
Artist_0394,Album_1_0394,Album_2_0394
Artist_0395,Album_1_0395,Album_2_0395
Artist_0396,Album_1_0396,Album_2_0396
Artist_0397,Album_1_0397,Album_2_0397
Artist_0398,Album_1_0398,Album_2_0398
Artist_0399,Album_1_0399,Album_2_0399
Artist_0400,Album_1_0400,Album_2_0400
Artist_0401,Album_1_0401,Album_2_0401
Artist_0402,Album_1_0402,Album_2_0402
Artist_0403,Album_1_0403,Album_2_0403
Artist_0404,Album_1_0404,Album_2_0404
Artist_0405,Album_1_0405,Album_2_0405
Artist_0406,Album_1_0406,Album_2_0406
Artist_0407,Album_1_0407,Album_2_0407
Artist_0408,Album_1_0408,Album_2_0408
Artist_0409,Album_1_0409,Album_2_0409
Artist_0410,Album_1_0410,Album_2_0410
Artist_0411,Album_1_0411,Album_2_0411
Artist_0412,Album_1_0412,Album_2_0412
Artist_0413,Album_1_0413,Album_2_0413
Artist_0414,Album_1_0414,Album_2_0414
Artist_0415,Album_1_0415,Album_2_0415
Artist_0416,Album_1_0416,Album_2_0416
Artist_0417,Album_1_0417,Album_2_0417
Artist_0418,Album_1_0418,Album_2_0418
Artist_0419,Album_1_0419,Album_2_0419
Artist_0420,Album_1_0420,Album_2_0420
Artist_0421,Album_1_0421,Album_2_0421
Artist_0422,Album_1_0422,Album_2_0422
Artist_0423,Album_1_0423,Album_2_0423
Artist_0424,Album_1_0424,Album_2_0424
Artist_0425,Album_1_0425,Album_2_0425
Artist_0426,Album_1_0426,Album_2_0426
Artist_0427,Album_1_0427,Album_2_0427
Artist_0428,Album_1_0428,Album_2_0428
Artist_0429,Album_1_0429,Album_2_0429
Artist_0430,Album_1_0430,Album_2_0430
Artist_0431,Album_1_0431,Album_2_0431
Artist_0432,Album_1_0432,Album_2_0432
Artist_0433,Album_1_0433,Album_2_0433
Artist_0434,Album_1_0434,Album_2_0434
Artist_0435,Album_1_0435,Album_2_0435
Artist_0436,Album_1_0436,Album_2_0436
Artist_0437,Album_1_0437,Album_2_0437
Artist_0438,Album_1_0438,Album_2_0438
Artist_0439,Album_1_0439,Album_2_0439
Artist_0440,Album_1_0440,Album_2_0440
Artist_0441,Album_1_0441,Album_2_0441
Artist_0442,Album_1_0442,Album_2_0442
Artist_0443,Album_1_0443,Album_2_0443
Artist_0444,Album_1_0444,Album_2_0444
Artist_0445,Album_1_0445,Album_2_0445
Artist_0446,Album_1_0446,Album_2_0446
Artist_0447,Album_1_0447,Album_2_0447
Artist_0448,Album_1_0448,Album_2_0448
Artist_0449,Album_1_0449,Album_2_0449
Artist_0450,Album_1_0450,Album_2_0450
Artist_0451,Album_1_0451,Album_2_0451
Artist_0452,Album_1_0452,Album_2_0452
Artist_0453,Album_1_0453,Album_2_0453
Artist_0454,Album_1_0454,Album_2_0454
Artist_0455,Album_1_0455,Album_2_0455
Artist_0456,Album_1_0456,Album_2_0456
Artist_0457,Album_1_0457,Album_2_0457
Artist_0458,Album_1_0458,Album_2_0458
Artist_0459,Album_1_0459,Album_2_0459
Artist_0460,Album_1_0460,Album_2_0460
Artist_0461,Album_1_0461,Album_2_0461
Artist_0462,Album_1_0462,Album_2_0462
Artist_0463,Album_1_0463,Album_2_0463
Artist_0464,Album_1_0464,Album_2_0464
Artist_0465,Album_1_0465,Album_2_0465
Artist_0466,Album_1_0466,Album_2_0466
Artist_0467,Album_1_0467,Album_2_0467
Artist_0468,Album_1_0468,Album_2_0468
Artist_0469,Album_1_0469,Album_2_0469
Artist_0470,Album_1_0470,Album_2_0470
Artist_0471,Album_1_0471,Album_2_0471
Artist_0472,Album_1_0472,Album_2_0472
Artist_0473,Album_1_0473,Album_2_0473
Artist_0474,Album_1_0474,Album_2_0474
Artist_0475,Album_1_0475,Album_2_0475
Artist_0476,Album_1_0476,Album_2_0476
Artist_0477,Album_1_0477,Album_2_0477
Artist_0478,Album_1_0478,Album_2_0478
Artist_0479,Album_1_0479,Album_2_0479
Artist_0480,Album_1_0480,Album_2_0480
Artist_0481,Album_1_0481,Album_2_0481
Artist_0482,Album_1_0482,Album_2_0482
Artist_0483,Album_1_0483,Album_2_0483
Artist_0484,Album_1_0484,Album_2_0484
Artist_0485,Album_1_0485,Album_2_0485
Artist_0486,Album_1_0486,Album_2_0486
Artist_0487,Album_1_0487,Album_2_0487
Artist_0488,Album_1_0488,Album_2_0488
Artist_0489,Album_1_0489,Album_2_0489
Artist_0490,Album_1_0490,Album_2_0490
Artist_0491,Album_1_0491,Album_2_0491
Artist_0492,Album_1_0492,Album_2_0492
Artist_0493,Album_1_0493,Album_2_0493
Artist_0494,Album_1_0494,Album_2_0494
Artist_0495,Album_1_0495,Album_2_0495
Artist_0496,Album_1_0496,Album_2_0496
Artist_0497,Album_1_0497,Album_2_0497
Artist_0498,Album_1_0498,Album_2_0498
Artist_0499,Album_1_0499,Album_2_0499
Artist_0500,Album_1_0500,Album_2_0500
Artist_0501,Album_1_0501,Album_2_0501
Artist_0502,Album_1_0502,Album_2_0502
Artist_0503,Album_1_0503,Album_2_0503
Artist_0504,Album_1_0504,Album_2_0504
Artist_0505,Album_1_0505,Album_2_0505
Artist_0506,Album_1_0506,Album_2_0506
Artist_0507,Album_1_0507,Album_2_0507
Artist_0508,Album_1_0508,Album_2_0508
Artist_0509,Album_1_0509,Album_2_0509
Artist_0510,Album_1_0510,Album_2_0510
Artist_0511,Album_1_0511,Album_2_0511
Artist_0512,Album_1_0512,Album_2_0512
Artist_0513,Album_1_0513,Album_2_0513
Artist_0514,Album_1_0514,Album_2_0514
Artist_0515,Album_1_0515,Album_2_0515
Artist_0516,Album_1_0516,Album_2_0516
Artist_0517,Album_1_0517,Album_2_0517
Artist_0518,Album_1_0518,Album_2_0518
Artist_0519,Album_1_0519,Album_2_0519
Artist_0520,Album_1_0520,Album_2_0520
Artist_0521,Album_1_0521,Album_2_0521
Artist_0522,Album_1_0522,Album_2_0522
Artist_0523,Album_1_0523,Album_2_0523
Artist_0524,Album_1_0524,Album_2_0524
Artist_0525,Album_1_0525,Album_2_0525
Artist_0526,Album_1_0526,Album_2_0526
Artist_0527,Album_1_0527,Album_2_0527
Artist_0528,Album_1_0528,Album_2_0528
Artist_0529,Album_1_0529,Album_2_0529
Artist_0530,Album_1_0530,Album_2_0530
Artist_0531,Album_1_0531,Album_2_0531
Artist_0532,Album_1_0532,Album_2_0532
Artist_0533,Album_1_0533,Album_2_0533
Artist_0534,Album_1_0534,Album_2_0534
Artist_0535,Album_1_0535,Album_2_0535
Artist_0536,Album_1_0536,Album_2_0536
Artist_0537,Album_1_0537,Album_2_0537
Artist_0538,Album_1_0538,Album_2_0538
Artist_0539,Album_1_0539,Album_2_0539
Artist_0540,Album_1_0540,Album_2_0540
Artist_0541,Album_1_0541,Album_2_0541
Artist_0542,Album_1_0542,Album_2_0542
Artist_0543,Album_1_0543,Album_2_0543
Artist_0544,Album_1_0544,Album_2_0544
Artist_0545,Album_1_0545,Album_2_0545
Artist_0546,Album_1_0546,Album_2_0546
Artist_0547,Album_1_0547,Album_2_0547
Artist_0548,Album_1_0548,Album_2_0548
Artist_0549,Album_1_0549,Album_2_0549
Artist_0550,Album_1_0550,Album_2_0550
Artist_0551,Album_1_0551,Album_2_0551
Artist_0552,Album_1_0552,Album_2_0552
Artist_0553,Album_1_0553,Album_2_0553
Artist_0554,Album_1_0554,Album_2_0554
Artist_0555,Album_1_0555,Album_2_0555
Artist_0556,Album_1_0556,Album_2_0556
Artist_0557,Album_1_0557,Album_2_0557
Artist_0558,Album_1_0558,Album_2_0558
Artist_0559,Album_1_0559,Album_2_0559
Artist_0560,Album_1_0560,Album_2_0560
Artist_0561,Album_1_0561,Album_2_0561
Artist_0562,Album_1_0562,Album_2_0562
Artist_0563,Album_1_0563,Album_2_0563
Artist_0564,Album_1_0564,Album_2_0564
Artist_0565,Album_1_0565,Album_2_0565
Artist_0566,Album_1_0566,Album_2_0566
Artist_0567,Album_1_0567,Album_2_0567
Artist_0568,Album_1_0568,Album_2_0568
Artist_0569,Album_1_0569,Album_2_0569
Artist_0570,Album_1_0570,Album_2_0570
Artist_0571,Album_1_0571,Album_2_0571
Artist_0572,Album_1_0572,Album_2_0572
Artist_0573,Album_1_0573,Album_2_0573
Artist_0574,Album_1_0574,Album_2_0574
Artist_0575,Album_1_0575,Album_2_0575
Artist_0576,Album_1_0576,Album_2_0576
Artist_0577,Album_1_0577,Album_2_0577
Artist_0578,Album_1_0578,Album_2_0578
Artist_0579,Album_1_0579,Album_2_0579
Artist_0580,Album_1_0580,Album_2_0580
Artist_0581,Album_1_0581,Album_2_0581
Artist_0582,Album_1_0582,Album_2_0582
Artist_0583,Album_1_0583,Album_2_0583
Artist_0584,Album_1_0584,Album_2_0584
Artist_0585,Album_1_0585,Album_2_0585
Artist_0586,Album_1_0586,Album_2_0586
Artist_0587,Album_1_0587,Album_2_0587
Artist_0588,Album_1_0588,Album_2_0588
Artist_0589,Album_1_0589,Album_2_0589
Artist_0590,Album_1_0590,Album_2_0590
Artist_0591,Album_1_0591,Album_2_0591
Artist_0592,Album_1_0592,Album_2_0592
Artist_0593,Album_1_0593,Album_2_0593
Artist_0594,Album_1_0594,Album_2_0594
Artist_0595,Album_1_0595,Album_2_0595
Artist_0596,Album_1_0596,Album_2_0596
Artist_0597,Album_1_0597,Album_2_0597
Artist_0598,Album_1_0598,Album_2_0598
Artist_0599,Album_1_0599,Album_2_0599
Artist_0600,Album_1_0600,Album_2_0600
Artist_0601,Album_1_0601,Album_2_0601
Artist_0602,Album_1_0602,Album_2_0602
Artist_0603,Album_1_0603,Album_2_0603
Artist_0604,Album_1_0604,Album_2_0604
Artist_0605,Album_1_0605,Album_2_0605
Artist_0606,Album_1_0606,Album_2_0606
Artist_0607,Album_1_0607,Album_2_0607
Artist_0608,Album_1_0608,Album_2_0608
Artist_0609,Album_1_0609,Album_2_0609
Artist_0610,Album_1_0610,Album_2_0610
Artist_0611,Album_1_0611,Album_2_0611
Artist_0612,Album_1_0612,Album_2_0612
Artist_0613,Album_1_0613,Album_2_0613
Artist_0614,Album_1_0614,Album_2_0614
Artist_0615,Album_1_0615,Album_2_0615
Artist_0616,Album_1_0616,Album_2_0616
Artist_0617,Album_1_0617,Album_2_0617
Artist_0618,Album_1_0618,Album_2_0618
Artist_0619,Album_1_0619,Album_2_0619
Artist_0620,Album_1_0620,Album_2_0620
Artist_0621,Album_1_0621,Album_2_0621
Artist_0622,Album_1_0622,Album_2_0622
Artist_0623,Album_1_0623,Album_2_0623
Artist_0624,Album_1_0624,Album_2_0624
Artist_0625,Album_1_0625,Album_2_0625
Artist_0626,Album_1_0626,Album_2_0626
Artist_0627,Album_1_0627,Album_2_0627
Artist_0628,Album_1_0628,Album_2_0628
Artist_0629,Album_1_0629,Album_2_0629
Artist_0630,Album_1_0630,Album_2_0630
Artist_0631,Album_1_0631,Album_2_0631
Artist_0632,Album_1_0632,Album_2_0632
Artist_0633,Album_1_0633,Album_2_0633
Artist_0634,Album_1_0634,Album_2_0634
Artist_0635,Album_1_0635,Album_2_0635
Artist_0636,Album_1_0636,Album_2_0636
Artist_0637,Album_1_0637,Album_2_0637
Artist_0638,Album_1_0638,Album_2_0638
Artist_0639,Album_1_0639,Album_2_0639
Artist_0640,Album_1_0640,Album_2_0640
Artist_0641,Album_1_0641,Album_2_0641
Artist_0642,Album_1_0642,Album_2_0642
Artist_0643,Album_1_0643,Album_2_0643
Artist_0644,Album_1_0644,Album_2_0644
Artist_0645,Album_1_0645,Album_2_0645
Artist_0646,Album_1_0646,Album_2_0646
Artist_0647,Album_1_0647,Album_2_0647
Artist_0648,Album_1_0648,Album_2_0648
Artist_0649,Album_1_0649,Album_2_0649
Artist_0650,Album_1_0650,Album_2_0650
Artist_0651,Album_1_0651,Album_2_0651
Artist_0652,Album_1_0652,Album_2_0652
Artist_0653,Album_1_0653,Album_2_0653
Artist_0654,Album_1_0654,Album_2_0654
Artist_0655,Album_1_0655,Album_2_0655
Artist_0656,Album_1_0656,Album_2_0656
Artist_0657,Album_1_0657,Album_2_0657
Artist_0658,Album_1_0658,Album_2_0658
Artist_0659,Album_1_0659,Album_2_0659
Artist_0660,Album_1_0660,Album_2_0660
Artist_0661,Album_1_0661,Album_2_0661
Artist_0662,Album_1_0662,Album_2_0662
Artist_0663,Album_1_0663,Album_2_0663
Artist_0664,Album_1_0664,Album_2_0664
Artist_0665,Album_1_0665,Album_2_0665
Artist_0666,Album_1_0666,Album_2_0666
Artist_0667,Album_1_0667,Album_2_0667
Artist_0668,Album_1_0668,Album_2_0668
Artist_0669,Album_1_0669,Album_2_0669
Artist_0670,Album_1_0670,Album_2_0670
Artist_0671,Album_1_0671,Album_2_0671
Artist_0672,Album_1_0672,Album_2_0672
Artist_0673,Album_1_0673,Album_2_0673
Artist_0674,Album_1_0674,Album_2_0674
Artist_0675,Album_1_0675,Album_2_0675
Artist_0676,Album_1_0676,Album_2_0676
Artist_0677,Album_1_0677,Album_2_0677
Artist_0678,Album_1_0678,Album_2_0678
Artist_0679,Album_1_0679,Album_2_0679
Artist_0680,Album_1_0680,Album_2_0680
Artist_0681,Album_1_0681,Album_2_0681
Artist_0682,Album_1_0682,Album_2_0682
Artist_0683,Album_1_0683,Album_2_0683
Artist_0684,Album_1_0684,Album_2_0684
Artist_0685,Album_1_0685,Album_2_0685
Artist_0686,Album_1_0686,Album_2_0686
Artist_0687,Album_1_0687,Album_2_0687
Artist_0688,Album_1_0688,Album_2_0688
Artist_0689,Album_1_0689,Album_2_0689
Artist_0690,Album_1_0690,Album_2_0690
Artist_0691,Album_1_0691,Album_2_0691
Artist_0692,Album_1_0692,Album_2_0692
Artist_0693,Album_1_0693,Album_2_0693
Artist_0694,Album_1_0694,Album_2_0694
Artist_0695,Album_1_0695,Album_2_0695
Artist_0696,Album_1_0696,Album_2_0696
Artist_0697,Album_1_0697,Album_2_0697
Artist_0698,Album_1_0698,Album_2_0698
Artist_0699,Album_1_0699,Album_2_0699
Artist_0700,Album_1_0700,Album_2_0700
Artist_0701,Album_1_0701,Album_2_0701
Artist_0702,Album_1_0702,Album_2_0702
Artist_0703,Album_1_0703,Album_2_0703
Artist_0704,Album_1_0704,Album_2_0704
Artist_0705,Album_1_0705,Album_2_0705
Artist_0706,Album_1_0706,Album_2_0706
Artist_0707,Album_1_0707,Album_2_0707
Artist_0708,Album_1_0708,Album_2_0708
Artist_0709,Album_1_0709,Album_2_0709
Artist_0710,Album_1_0710,Album_2_0710
Artist_0711,Album_1_0711,Album_2_0711
Artist_0712,Album_1_0712,Album_2_0712
Artist_0713,Album_1_0713,Album_2_0713
Artist_0714,Album_1_0714,Album_2_0714
Artist_0715,Album_1_0715,Album_2_0715
Artist_0716,Album_1_0716,Album_2_0716
Artist_0717,Album_1_0717,Album_2_0717
Artist_0718,Album_1_0718,Album_2_0718
Artist_0719,Album_1_0719,Album_2_0719
Artist_0720,Album_1_0720,Album_2_0720
Artist_0721,Album_1_0721,Album_2_0721
Artist_0722,Album_1_0722,Album_2_0722
Artist_0723,Album_1_0723,Album_2_0723
Artist_0724,Album_1_0724,Album_2_0724
Artist_0725,Album_1_0725,Album_2_0725
Artist_0726,Album_1_0726,Album_2_0726
Artist_0727,Album_1_0727,Album_2_0727
Artist_0728,Album_1_0728,Album_2_0728
Artist_0729,Album_1_0729,Album_2_0729
Artist_0730,Album_1_0730,Album_2_0730
Artist_0731,Album_1_0731,Album_2_0731
Artist_0732,Album_1_0732,Album_2_0732
Artist_0733,Album_1_0733,Album_2_0733
Artist_0734,Album_1_0734,Album_2_0734
Artist_0735,Album_1_0735,Album_2_0735
Artist_0736,Album_1_0736,Album_2_0736
Artist_0737,Album_1_0737,Album_2_0737
Artist_0738,Album_1_0738,Album_2_0738
Artist_0739,Album_1_0739,Album_2_0739
Artist_0740,Album_1_0740,Album_2_0740
Artist_0741,Album_1_0741,Album_2_0741
Artist_0742,Album_1_0742,Album_2_0742
Artist_0743,Album_1_0743,Album_2_0743
Artist_0744,Album_1_0744,Album_2_0744
Artist_0745,Album_1_0745,Album_2_0745
Artist_0746,Album_1_0746,Album_2_0746
Artist_0747,Album_1_0747,Album_2_0747
Artist_0748,Album_1_0748,Album_2_0748
Artist_0749,Album_1_0749,Album_2_0749
Artist_0750,Album_1_0750,Album_2_0750
Artist_0751,Album_1_0751,Album_2_0751
Artist_0752,Album_1_0752,Album_2_0752
Artist_0753,Album_1_0753,Album_2_0753
Artist_0754,Album_1_0754,Album_2_0754
Artist_0755,Album_1_0755,Album_2_0755
Artist_0756,Album_1_0756,Album_2_0756
Artist_0757,Album_1_0757,Album_2_0757
Artist_0758,Album_1_0758,Album_2_0758
Artist_0759,Album_1_0759,Album_2_0759
Artist_0760,Album_1_0760,Album_2_0760
Artist_0761,Album_1_0761,Album_2_0761
Artist_0762,Album_1_0762,Album_2_0762
Artist_0763,Album_1_0763,Album_2_0763
Artist_0764,Album_1_0764,Album_2_0764
Artist_0765,Album_1_0765,Album_2_0765
Artist_0766,Album_1_0766,Album_2_0766
Artist_0767,Album_1_0767,Album_2_0767
Artist_0768,Album_1_0768,Album_2_0768
Artist_0769,Album_1_0769,Album_2_0769
Artist_0770,Album_1_0770,Album_2_0770
Artist_0771,Album_1_0771,Album_2_0771
Artist_0772,Album_1_0772,Album_2_0772
Artist_0773,Album_1_0773,Album_2_0773
Artist_0774,Album_1_0774,Album_2_0774
Artist_0775,Album_1_0775,Album_2_0775
Artist_0776,Album_1_0776,Album_2_0776
Artist_0777,Album_1_0777,Album_2_0777
Artist_0778,Album_1_0778,Album_2_0778
Artist_0779,Album_1_0779,Album_2_0779
Artist_0780,Album_1_0780,Album_2_0780
Artist_0781,Album_1_0781,Album_2_0781
Artist_0782,Album_1_0782,Album_2_0782
Artist_0783,Album_1_0783,Album_2_0783
Artist_0784,Album_1_0784,Album_2_0784
Artist_0785,Album_1_0785,Album_2_0785
Artist_0786,Album_1_0786,Album_2_0786
Artist_0787,Album_1_0787,Album_2_0787
Artist_0788,Album_1_0788,Album_2_0788
Artist_0789,Album_1_0789,Album_2_0789
Artist_0790,Album_1_0790,Album_2_0790
Artist_0791,Album_1_0791,Album_2_0791
Artist_0792,Album_1_0792,Album_2_0792
Artist_0793,Album_1_0793,Album_2_0793
Artist_0794,Album_1_0794,Album_2_0794
Artist_0795,Album_1_0795,Album_2_0795
Artist_0796,Album_1_0796,Album_2_0796
Artist_0797,Album_1_0797,Album_2_0797
Artist_0798,Album_1_0798,Album_2_0798
Artist_0799,Album_1_0799,Album_2_0799
Artist_0800,Album_1_0800,Album_2_0800
Artist_0801,Album_1_0801,Album_2_0801
Artist_0802,Album_1_0802,Album_2_0802
Artist_0803,Album_1_0803,Album_2_0803
Artist_0804,Album_1_0804,Album_2_0804
Artist_0805,Album_1_0805,Album_2_0805
Artist_0806,Album_1_0806,Album_2_0806
Artist_0807,Album_1_0807,Album_2_0807
Artist_0808,Album_1_0808,Album_2_0808
Artist_0809,Album_1_0809,Album_2_0809
Artist_0810,Album_1_0810,Album_2_0810
Artist_0811,Album_1_0811,Album_2_0811
Artist_0812,Album_1_0812,Album_2_0812
Artist_0813,Album_1_0813,Album_2_0813
Artist_0814,Album_1_0814,Album_2_0814
Artist_0815,Album_1_0815,Album_2_0815
Artist_0816,Album_1_0816,Album_2_0816
Artist_0817,Album_1_0817,Album_2_0817
Artist_0818,Album_1_0818,Album_2_0818
Artist_0819,Album_1_0819,Album_2_0819
Artist_0820,Album_1_0820,Album_2_0820
Artist_0821,Album_1_0821,Album_2_0821
Artist_0822,Album_1_0822,Album_2_0822
Artist_0823,Album_1_0823,Album_2_0823
Artist_0824,Album_1_0824,Album_2_0824
Artist_0825,Album_1_0825,Album_2_0825
Artist_0826,Album_1_0826,Album_2_0826
Artist_0827,Album_1_0827,Album_2_0827
Artist_0828,Album_1_0828,Album_2_0828
Artist_0829,Album_1_0829,Album_2_0829
Artist_0830,Album_1_0830,Album_2_0830
Artist_0831,Album_1_0831,Album_2_0831
Artist_0832,Album_1_0832,Album_2_0832
Artist_0833,Album_1_0833,Album_2_0833
Artist_0834,Album_1_0834,Album_2_0834
Artist_0835,Album_1_0835,Album_2_0835
Artist_0836,Album_1_0836,Album_2_0836
Artist_0837,Album_1_0837,Album_2_0837
Artist_0838,Album_1_0838,Album_2_0838
Artist_0839,Album_1_0839,Album_2_0839
Artist_0840,Album_1_0840,Album_2_0840
Artist_0841,Album_1_0841,Album_2_0841
Artist_0842,Album_1_0842,Album_2_0842
Artist_0843,Album_1_0843,Album_2_0843
Artist_0844,Album_1_0844,Album_2_0844
Artist_0845,Album_1_0845,Album_2_0845
Artist_0846,Album_1_0846,Album_2_0846
Artist_0847,Album_1_0847,Album_2_0847
Artist_0848,Album_1_0848,Album_2_0848
Artist_0849,Album_1_0849,Album_2_0849
Artist_0850,Album_1_0850,Album_2_0850
Artist_0851,Album_1_0851,Album_2_0851
Artist_0852,Album_1_0852,Album_2_0852
Artist_0853,Album_1_0853,Album_2_0853
Artist_0854,Album_1_0854,Album_2_0854
Artist_0855,Album_1_0855,Album_2_0855
Artist_0856,Album_1_0856,Album_2_0856
Artist_0857,Album_1_0857,Album_2_0857
Artist_0858,Album_1_0858,Album_2_0858
Artist_0859,Album_1_0859,Album_2_0859
Artist_0860,Album_1_0860,Album_2_0860
Artist_0861,Album_1_0861,Album_2_0861
Artist_0862,Album_1_0862,Album_2_0862
Artist_0863,Album_1_0863,Album_2_0863
Artist_0864,Album_1_0864,Album_2_0864
Artist_0865,Album_1_0865,Album_2_0865
Artist_0866,Album_1_0866,Album_2_0866
Artist_0867,Album_1_0867,Album_2_0867
Artist_0868,Album_1_0868,Album_2_0868
Artist_0869,Album_1_0869,Album_2_0869
Artist_0870,Album_1_0870,Album_2_0870
Artist_0871,Album_1_0871,Album_2_0871
Artist_0872,Album_1_0872,Album_2_0872
Artist_0873,Album_1_0873,Album_2_0873
Artist_0874,Album_1_0874,Album_2_0874
Artist_0875,Album_1_0875,Album_2_0875
Artist_0876,Album_1_0876,Album_2_0876
Artist_0877,Album_1_0877,Album_2_0877
Artist_0878,Album_1_0878,Album_2_0878
Artist_0879,Album_1_0879,Album_2_0879
Artist_0880,Album_1_0880,Album_2_0880
Artist_0881,Album_1_0881,Album_2_0881
Artist_0882,Album_1_0882,Album_2_0882
Artist_0883,Album_1_0883,Album_2_0883
Artist_0884,Album_1_0884,Album_2_0884
Artist_0885,Album_1_0885,Album_2_0885
Artist_0886,Album_1_0886,Album_2_0886
Artist_0887,Album_1_0887,Album_2_0887
Artist_0888,Album_1_0888,Album_2_0888
Artist_0889,Album_1_0889,Album_2_0889
Artist_0890,Album_1_0890,Album_2_0890
Artist_0891,Album_1_0891,Album_2_0891
Artist_0892,Album_1_0892,Album_2_0892
Artist_0893,Album_1_0893,Album_2_0893
Artist_0894,Album_1_0894,Album_2_0894
Artist_0895,Album_1_0895,Album_2_0895
Artist_0896,Album_1_0896,Album_2_0896
Artist_0897,Album_1_0897,Album_2_0897
Artist_0898,Album_1_0898,Album_2_0898
Artist_0899,Album_1_0899,Album_2_0899
Artist_0900,Album_1_0900,Album_2_0900
Artist_0901,Album_1_0901,Album_2_0901
Artist_0902,Album_1_0902,Album_2_0902
Artist_0903,Album_1_0903,Album_2_0903
Artist_0904,Album_1_0904,Album_2_0904
Artist_0905,Album_1_0905,Album_2_0905
Artist_0906,Album_1_0906,Album_2_0906
Artist_0907,Album_1_0907,Album_2_0907
Artist_0908,Album_1_0908,Album_2_0908
Artist_0909,Album_1_0909,Album_2_0909
Artist_0910,Album_1_0910,Album_2_0910
Artist_0911,Album_1_0911,Album_2_0911
Artist_0912,Album_1_0912,Album_2_0912
Artist_0913,Album_1_0913,Album_2_0913
Artist_0914,Album_1_0914,Album_2_0914
Artist_0915,Album_1_0915,Album_2_0915
Artist_0916,Album_1_0916,Album_2_0916
Artist_0917,Album_1_0917,Album_2_0917
Artist_0918,Album_1_0918,Album_2_0918
Artist_0919,Album_1_0919,Album_2_0919
Artist_0920,Album_1_0920,Album_2_0920
Artist_0921,Album_1_0921,Album_2_0921
Artist_0922,Album_1_0922,Album_2_0922
Artist_0923,Album_1_0923,Album_2_0923
Artist_0924,Album_1_0924,Album_2_0924
Artist_0925,Album_1_0925,Album_2_0925
Artist_0926,Album_1_0926,Album_2_0926
Artist_0927,Album_1_0927,Album_2_0927
Artist_0928,Album_1_0928,Album_2_0928
Artist_0929,Album_1_0929,Album_2_0929
Artist_0930,Album_1_0930,Album_2_0930
Artist_0931,Album_1_0931,Album_2_0931
Artist_0932,Album_1_0932,Album_2_0932
Artist_0933,Album_1_0933,Album_2_0933
Artist_0934,Album_1_0934,Album_2_0934
Artist_0935,Album_1_0935,Album_2_0935
Artist_0936,Album_1_0936,Album_2_0936
Artist_0937,Album_1_0937,Album_2_0937
Artist_0938,Album_1_0938,Album_2_0938
Artist_0939,Album_1_0939,Album_2_0939
Artist_0940,Album_1_0940,Album_2_0940
Artist_0941,Album_1_0941,Album_2_0941
Artist_0942,Album_1_0942,Album_2_0942
Artist_0943,Album_1_0943,Album_2_0943
Artist_0944,Album_1_0944,Album_2_0944
Artist_0945,Album_1_0945,Album_2_0945
Artist_0946,Album_1_0946,Album_2_0946
Artist_0947,Album_1_0947,Album_2_0947
Artist_0948,Album_1_0948,Album_2_0948
Artist_0949,Album_1_0949,Album_2_0949
Artist_0950,Album_1_0950,Album_2_0950
Artist_0951,Album_1_0951,Album_2_0951
Artist_0952,Album_1_0952,Album_2_0952
Artist_0953,Album_1_0953,Album_2_0953
Artist_0954,Album_1_0954,Album_2_0954
Artist_0955,Album_1_0955,Album_2_0955
Artist_0956,Album_1_0956,Album_2_0956
Artist_0957,Album_1_0957,Album_2_0957
Artist_0958,Album_1_0958,Album_2_0958
Artist_0959,Album_1_0959,Album_2_0959
Artist_0960,Album_1_0960,Album_2_0960
Artist_0961,Album_1_0961,Album_2_0961
Artist_0962,Album_1_0962,Album_2_0962
Artist_0963,Album_1_0963,Album_2_0963
Artist_0964,Album_1_0964,Album_2_0964
Artist_0965,Album_1_0965,Album_2_0965
Artist_0966,Album_1_0966,Album_2_0966
Artist_0967,Album_1_0967,Album_2_0967
Artist_0968,Album_1_0968,Album_2_0968
Artist_0969,Album_1_0969,Album_2_0969
Artist_0970,Album_1_0970,Album_2_0970
Artist_0971,Album_1_0971,Album_2_0971
Artist_0972,Album_1_0972,Album_2_0972
Artist_0973,Album_1_0973,Album_2_0973
Artist_0974,Album_1_0974,Album_2_0974
Artist_0975,Album_1_0975,Album_2_0975
Artist_0976,Album_1_0976,Album_2_0976
Artist_0977,Album_1_0977,Album_2_0977
Artist_0978,Album_1_0978,Album_2_0978
Artist_0979,Album_1_0979,Album_2_0979
Artist_0980,Album_1_0980,Album_2_0980
Artist_0981,Album_1_0981,Album_2_0981
Artist_0982,Album_1_0982,Album_2_0982
Artist_0983,Album_1_0983,Album_2_0983
Artist_0984,Album_1_0984,Album_2_0984
Artist_0985,Album_1_0985,Album_2_0985
Artist_0986,Album_1_0986,Album_2_0986
Artist_0987,Album_1_0987,Album_2_0987
Artist_0988,Album_1_0988,Album_2_0988
Artist_0989,Album_1_0989,Album_2_0989
Artist_0990,Album_1_0990,Album_2_0990
Artist_0991,Album_1_0991,Album_2_0991
Artist_0992,Album_1_0992,Album_2_0992
Artist_0993,Album_1_0993,Album_2_0993
Artist_0994,Album_1_0994,Album_2_0994
Artist_0995,Album_1_0995,Album_2_0995
Artist_0996,Album_1_0996,Album_2_0996
Artist_0997,Album_1_0997,Album_2_0997
Artist_0998,Album_1_0998,Album_2_0998
Artist_0999,Album_1_0999,Album_2_0999
Artist_1000,Album_1_1000,Album_2_1000
