"# Album, Song 1, Song 2, ..."
Album_1_1,Song_1_Album_1_1,Song_2_Album_1_1,Song_3_Album_1_1,Song_4_Album_1_1
Album_2_1,Song_1_Album_2_1,Song_2_Album_2_1,Song_3_Album_2_1,Song_4_Album_2_1
Album_1_2,Song_1_Album_1_2,Song_2_Album_1_2,Song_3_Album_1_2,Song_4_Album_1_2
Album_2_2,Song_1_Album_2_2,Song_2_Album_2_2,Song_3_Album_2_2,Song_4_Album_2_2
Album_1_3,Song_1_Album_1_3,Song_2_Album_1_3,Song_3_Album_1_3,Song_4_Album_1_3
Album_2_3,Song_1_Album_2_3,Song_2_Album_2_3,Song_3_Album_2_3,Song_4_Album_2_3
Album_1_4,Song_1_Album_1_4,Song_2_Album_1_4,Song_3_Album_1_4,Song_4_Album_1_4
Album_2_4,Song_1_Album_2_4,Song_2_Album_2_4,Song_3_Album_2_4,Song_4_Album_2_4
Album_1_5,Song_1_Album_1_5,Song_2_Album_1_5,Song_3_Album_1_5,Song_4_Album_1_5
Album_2_5,Song_1_Album_2_5,Song_2_Album_2_5,Song_3_Album_2_5,Song_4_Album_2_5
Album_1_6,Song_1_Album_1_6,Song_2_Album_1_6,Song_3_Album_1_6,Song_4_Album_1_6
Album_2_6,Song_1_Album_2_6,Song_2_Album_2_6,Song_3_Album_2_6,Song_4_Album_2_6
